date;libelle;montant
2026-09-01;VIR SEPA ATELIER DUPONT SALAIRE;1450,00
2026-09-02;PRLV LOYER RESIDENCE LES TILLEULS;-520,00
2026-09-03;CB CARREFOUR CITY;-34,27
2026-09-05;CB NAVIGO ABONNEMENT;-88,80
2026-09-07;CB BOULANGERIE DU COIN;-6,40
2026-09-10;PRLV FREE MOBILE;-15,99
2026-09-12;CB MONOPRIX;-52,13
2026-09-15;VIR REMBOURSEMENT AMI;25,00
2026-09-18;CB SNCF CONNECT;-41,00
2026-09-20;CB CARREFOUR CITY;-27,85
2026-09-23;PRLV EDF;-36,50
2026-09-25;CB CINEMA DU QUARTIER;-11,90
2026-09-28;CB LIDL;-44,62
2026-09-30;PRLV ASSURANCE HABITATION;-9,90
